{"Varun_1": 1696324659.43628, "Unknown": 1718555746.9185846}